spotify:track:0xBOAziRHVjPXOsigGpPHh,How to Save a Life (Running Mix) [140 BPM]
spotify:track:25eA6wrjKEVtJb2LGt9ii3,I Don't Wanna Miss a Thing (Runner Remix)
spotify:track:3XDHBRyJQWx1zCGhdsQRP4,Basket Case - Workout Remix
spotify:track:6sumVx6Qrsnerf4KRvA4Va,Only Girl (In the World) [Running Mix] [140 BPM]
spotify:track:1q6JBBjlE4dTGKzntIZS2n,Body Like a Back Road - Workout Mix
spotify:track:5qpLBTpYlaBdSMRRhfvWfw,This Is How We Roll - Workout Mix
spotify:track:5aU4XjyMB9eFw67lGSrSQ3,H.O.L.Y. - Workout Mix
spotify:track:1KJq03F5FI4SuplXCIJaWD,Better Man - Workout Mix
spotify:track:4XQ0WbhvqOZG33PqO6UEty,Homegrown - Workout Mix
spotify:track:6R5wnsCBZZRDxE0P1FCGsk,Setting the World on Fire - Workout Mix
spotify:track:12fzqwkeXZH4CTfbMgjGzq,Good Life - Workout Mix
spotify:track:5vUVe1o9MvB6161zjXlMxc,How Far I'll Go
spotify:track:46rjMvwyZC1W0kvWxXj47Z,Mine (Remix)
spotify:track:1wnW1DMg52sELDGMUFGAv7,Life is a Highway (Workout Mix + 131 BPM)
spotify:track:6mVQfzzC1c80qyy4Mc9CXZ,Love Story (Cardio Remix + 130 BPM)
spotify:track:0SDXhHy8n8FAGS9LBg0A2r,Wake Me Up - 135 Bpm Workout Remix
spotify:track:2Fsg9at6oxnR7h6PhNcOmE,What About Now
spotify:track:68DcqqXKi0cRlbPlghUhsb,Amazed
spotify:track:3LfgJWXNWwbe4N36UeFVYX,Walking In Memphis (Energy Workout Mix)
spotify:track:5lmv5HOa0T2nGTIgVUd8KR,I’ll Be There for You (Workout Mix + 191 BPM)
spotify:track:3XSY2MThcofOnFn7z7ZMLR,Save Tonight (Workout Mix + 135 BPM)
spotify:track:10eIO9z4QPG11AMHFX3y3q,Start Me Up (Energy Workout Mix)
spotify:track:4NVCMfmC8iZTVKbSccA2Bu,Wonderwall (Workout Mix + 143 BPM)
spotify:track:0SRww2qGlaAAbNUCvBZIpd,Wake Me Up Before You Go Go (Energy Workout Mix)
spotify:track:10fC6wRn0QUvX3TYYSvB47,Just a Dream (Remix)
spotify:track:7hoqMW5MYqJYKEeEouPFv9,Sweet Child Of Mine (DJ Remixed)
spotify:track:4rqdS7Ngtq8RrXQVWYepzI,How Deep Is Your Love (Dance ReMix + 135 BPM)
spotify:track:0nnwn7LWHCAu09jfuH1xTA,Slide
spotify:track:0wqOReZDnrefefEsrIGeR4,Hanging By A Moment
spotify:track:2fhfoZqqTJ8jo4HvWseNfM,I Will Buy You A New Life
spotify:track:2xHmQRQrYuPUdRttWrVYbj,What Is Love - 151 Bpm Workout Remix
spotify:track:4ydmGwoGxBThzQH9UKMKJ9,Cotton Eye Joe - 158 Bpm Workout Remix
spotify:track:4WDlZJvn1huOMLeKwvxPUx,All The Small Things - Workout Remix
spotify:track:7mCfpgl8s8ZzH3JZaIynVH,I Love Rock N Roll - Workout Remix 128 Bpm
spotify:track:5nHu8EXGkoCdIbpEcDOjmt,Stand By Me - Workout Remix 130 Bpm
spotify:track:2Nkvci5efCE8bjNqwVUdiQ,Build Me Up Buttercup - Workout Remix 138 Bpm
spotify:track:0A2J5TumCpT4aJVvQHNEQW,One
spotify:track:5bldrrpdHrTeaWNT1Kp5xs,What Do You Mean? - Acoustic
spotify:track:4bYqnqT92z9bi50a2tRsjj,How Deep Is Your Love
spotify:track:7CzVAhQeZfTLqNnzdAiqrH,Let Her Go - Acoustic
spotify:track:10XX3YDY7X0jQfwjpveRvh,Make You Feel My Love
spotify:track:5jx8tCxiO0uIbo2uNia23K,The One That Got Away - Acoustic
spotify:track:7I6KZyOIUpSTRoOE9lC40t,Better in Time
spotify:track:0OUWImDyxZMP0myhpiwQpo,Don't Dream It's Over
spotify:track:2xb1HCvRkwY0vof2Z6VMe9,More Than This - feat. Norah Jones
spotify:track:7Cj2tT0m2SBeIO1PsGfk8A,Grenade - Acoustic
spotify:track:5tbz0VnVwfF3jubvjDGdHo,We Are Young - feat. Janelle Monáe [Acoustic]
spotify:track:3piY5aMfwEEmXMV6I9kpoi,Imagine
spotify:track:4CAsE3NjVAkehuOyNQLFi5,You've Got a Friend - Acoustic version
spotify:track:2tKqZsc0epdLrsNUT6y0Ls,Princess of China - Acoustic
spotify:track:58m53oSVnftDd0OFEmRq95,Sound of Silence
spotify:track:4hI3znYrF6Q6LtVQyNqTJU,Drenched
spotify:track:6AVbtprNn18sQcX54K5MTo,She Will Be Loved - Acoustic
spotify:track:3uhBIQ7tv8j1FME8cFGEfG,All of Me
spotify:track:2pV8RpdLemcyMWko8dASVt,Like I'm Gonna Lose You
spotify:track:3jOivF6kp5bN9R4up7oDw7,Fast Car
spotify:track:02Z1u6mX0puSryZFJpqV0G,Not Like The Movies
spotify:track:1Fu5HACCHTceqO5iVtZ0Uo,Send My Love (To Your New Lover) - Acoustic
spotify:track:4esmMZzUcSw6cgd8WbSOgi,Cold Water
spotify:track:49DX6QVRhUM0a9Rw21qCpG,Scared To Be Lonely - Acoustic Version
spotify:track:5ULRlgiSPSKTaJN1vU9yso,Shape of You - Acoustic
spotify:track:5X6TnKT37TaSDkFm0598Uo,Castle on the Hill - Acoustic
spotify:track:6PJ8FF6UR8FZXfEvpHkIVN,How Would You Feel (Paean)
spotify:track:2M9ro2krNb7nr7HSprkEgo,Fast Car
spotify:track:1aDLUzCyYpRXgrjwUWzV2X,Lazy Eye
spotify:track:1W4c3lEi67BG5Ev7CgYqNi,Sweet and Low - New Album Version
spotify:track:1Zx5Y46u3v32jRRIWtzQKN,Little Wonders - Radio Version
spotify:track:5aDpULK8MbJmHl42kR5KNI,Collide
spotify:track:4zweVv3Wa6XgexhoUOzkYs,Secrets
spotify:track:4bPkBHKLKd9WHizsvM2zV3,Warning Sign
spotify:track:2nvC4i2aMo4CzRjRflysah,In My Place
spotify:track:0guzngk1qWk5sgdYbThEGI,Death And All His Friends
spotify:track:1STAWoWHYJh2UVUx41pYMD,Lost!
spotify:track:4wzt5Rrk3W98pHXAqutuJw,Talk
spotify:track:5dcYoYFAXh0f0qI05AoufB,Ghost
spotify:track:4Fn6sWJ59YQ5SkVNYM3POS,Somebody That I Used to Know
spotify:track:3Th56VIq2sEaEmPPETu7p5,All Of The Stars
spotify:track:4fP4xTSBli3tKck172LEZ4,Daylight
spotify:track:2uQ4px5SPONsgcUpulywIQ,Amsterdam
spotify:track:6hH3jXreyIp9epeIVXayuQ,I Can Make You Love Me
spotify:track:7H8fBamGUheu0DSpp3pj03,Medicine
spotify:track:1ZqHjApl3pfzwjweTfMi0g,Violet Hill
spotify:track:51QEyJI5M7uyd8DOh9tqQY,Buzzcut Season
spotify:track:5iyqqccidB1SEpOXXctyTR,Oblivion
spotify:track:6wZI4mdT8JwXgkGURnBQiq,Say
spotify:track:05Ez6KwjICkscWQVTsT3f5,I Will Be Found (Lost At Sea)
spotify:track:161DnLWsx1i3u1JT05lzqU,Talking To The Moon
spotify:track:4rMNgxEwGWoPHIUcvB5BrB,It Will Rain
spotify:track:6u0dQik0aif7FQlrhycG1L,The Morning
spotify:track:7vldwy3gdhmPRKWSCi8H61,The Feeling
spotify:track:4cnKFC6ZB5SfSk4NVgVzYP,iSay (feat. Juicy J)
spotify:track:5Y62kTmj5uQXIg7BWeLNzU,One Way Track
spotify:track:2lycPFVoPPDf6XVE9I8Amu,Horses In The Stable
spotify:track:1kWVgfctc2JUKCqlsZGWbU,Numbers
spotify:track:66Q3fAmSX5eHamgbKa9alP,Real Friends
spotify:track:51EC3I1nQXpec4gDk0mQyP,90210
spotify:track:5WBO3lOrOT6WZV4wvqZp2i,ShiiKno (feat. Lloyd)
spotify:track:43kFaS6SfcXz49ivLbOBAV,Don’t Know (feat. Mac Miller)
spotify:track:7fx4g3nAnfrjKAHcGw9iSW,Trukfit
spotify:track:6pNX8XgYqVHYSoVNF81NKR,Do It Well
spotify:track:16VNQF6gEq03h1ob0jjyuK,I'll Be Yours
spotify:track:2AGottAzfC8bHzF7kEJ3Wa,Diamonds Dancing
spotify:track:3dtBVBClM5ms0qCBBrqpUb,Wasted
spotify:track:5FAHKmc3kplq3QV0sJxwxF,No Gain
spotify:track:2464B8I78lgn2aDVZcoV7i,Saucin On You
spotify:track:46Xni53dylbppRPWYQuUZE,GAZI
spotify:track:1yBkzRBHwtRA9oJkq9EMIP,Maradona
spotify:track:3UVIKJ7G4ZCm4vA3oSFjQF,Right Now
spotify:track:2hyfepwCRQsenxVLzsaOtA,Her Way
spotify:track:3AIhWYW1BVBShTvBdNc3Ek,Make a Living
spotify:track:2qLcJOLrh6Djda4uLbldSA,Faithful
spotify:track:7dLVej2P4qkqaFU14xtgNy,V. 3005 (Beach Picnic- A$AD Remix)
spotify:track:0OZdWKIMgLGinol7VdYFUE,All Down (feat. Tory Lanez)
spotify:track:62Jg0tIgwUpLbbtKhWo67C,Talkin' Bout
spotify:track:7paaypCCw9dU6JYK3yF62k,Summertime Chi (feat. King Louie & Sir Michael Rocks)
spotify:track:3GHtDXOwQ38hbKaZh5Fii9,Blue Bands
spotify:track:7Fu1K8wsnBarqtjnNvX7mo,Lately
spotify:track:7gUJOQJyOKNfV6pOMYTvPq,California
spotify:track:0odHj0qIf86vHBsXB30IkZ,So High (feat. Ghost Loft)
spotify:track:6BC5qv70s01qQpFyKSsuLV,The Meaning
spotify:track:6ZeWGilCAL4sgnPWlCYyaj,All We Do
spotify:track:6Nl5jjykRxa7salssZ0aER,Without You
spotify:track:7Esd9ROfkgPgBtWN72U5P5,She Lays Down
spotify:track:7MW3CnwokFGyWUkldSLjIZ,Someone New
spotify:track:5Ukzlujip1Slqka5OY82YS,U.N.I.
spotify:track:0pJfsPQesJyCnR5XWZyvj9,This
spotify:track:0Tel1fmuCxEFV6wBLXsEdk,Kiss Me
spotify:track:45p0MAVey0dnjZXo8kMUzh,Featherstone
spotify:track:3sZfQB5uYTJmA4QnB8dv7P,White Blood
spotify:track:03v70ZBxmcPX3RWAZMzqaW,Clouds
spotify:track:1wV3ZgBuui1rhpKVPVnplu,Daydreamer
spotify:track:4XhElUi1UJucxdqVa6HhkB,Open Season
spotify:track:7j4IOedQQtMpSHEvyXZsHI,ILYSB - STRIPPED
spotify:track:7otV7kSzDMo11qLlw8pAtr,Swingin Party
spotify:track:7iBSkXB0pTvZasOLf0Qxk9,Autumn Leaves - Deluxe Edition
spotify:track:4bdPdSIHu8OeWpLWEEB2ts,Leave Your Lover
spotify:track:7aFQa52bLiHwb3BXPbmKdZ,Like a Star
spotify:track:7qqeGDQxbFC53Wbcj3YiZk,Crazy In Love - BBC Session
spotify:track:5jOQ5v49S1h496AiNlk682,Plans
spotify:track:6WUjz18yIeTGDR1E69WHtf,Porcelain
spotify:track:5K5ZGCme5SkNLsM5EaXgzc,Is There Somebody Who Can Watch You
spotify:track:6bRgyHxbPkvrHiQFSWxo1B,Halo
spotify:track:5Ev3sAE6AN0baPJKe3vcy1,Kings of Summer
spotify:track:5r1NYaCGkYNy6BYod03gsT,Nasty Freestyle (feat.Ty Dolla $ign & Chedda Da Connect) - Remix
spotify:track:6RknqMdquQhqvMtN2dopMv,Classic (feat. Fetty Wap & POWERS )
spotify:track:1TPUbLdzpfgF7wrPEXIAAB,"Don't You Need Somebody (feat. Enrique Iglesias, R. City, Serayah & Shaggy)"
spotify:track:6wVyIzTpWaxf9Qt41XDWlk,One In A Million
spotify:track:2MjPYefrQPVzIkTbDat5YG,DOPE
spotify:track:3fJua408ovMRQ0JYGepaAY,Feel the Love - Sam Feldt Edit
spotify:track:5KWK2vKco16cG0EYxtnBTw,Been a While
spotify:track:6XKm1z5lYIq486iWMLnSFY,Nobody's Better (feat. Fetty Wap)
spotify:track:4z8c9qkpiYghn6DCQ6yA0u,Simple Things (Remix)
spotify:track:5UPNBWFU2TEf9kauIITfBs,Saved (feat. E-40)
spotify:track:5ml2RvLaws39CaOKjUmFm3,The Girl - Acoustic
spotify:track:3DK6m7It6Pw857FcQftMds,Runaway
spotify:track:4D6TpthzUVNTjWQqfBW5Kb,All Of The Lights (Interlude)
spotify:track:3d8PDk3B4am5c6TsUCznUW,Shut It Down
spotify:track:73tgFzBug5Ifk1Retdtwk7,Fireworks
spotify:track:2Gnsof1hvZzjE1xdLRpjtf,Over My Dead Body
spotify:track:0V4l4GQhgnWQGtCWpvA7va,Crew Love
spotify:track:4eSGSqP2TZvvX0kadZZttM,Doing It Wrong
spotify:track:6kIh5c8x8vzOe6OKW1X59U,Too Much
spotify:track:10VBBaul4zVD0reteuIHM2,From Time
spotify:track:3ptQ2qKjiGOIW1USCFXVtT,Own It
spotify:track:4IJ7ZoJ8z8cAIbqYShF3ZZ,Tuscan Leather
spotify:track:3a8tAZFJxlmBwOtrf5L1oC,6 God
spotify:track:1OHoBC4icbuNhpSxP400sv,Preach
spotify:track:4kdfjhj9xNkYU0R8xlDy8k,6 Man
spotify:track:4gowy3WT6D1yhMLgRBlf9C,Change Locations
spotify:track:2ACys0pX0SjmpQmQWzp7wt,Jersey
spotify:track:5ik5nMy8vdS2rXe7SAGt2K,Honest
spotify:track:2T4JE91t7Js1DJ4rSHltcQ,I Won
spotify:track:4PjP1pyA9pDDByAheDumTH,I Be U
spotify:track:48s0QHJgmiNsth3WEO6U4M,Stop And Stare
spotify:track:5W7xC99N2Zzfh69r7I7zWK,Aston Martin Music
spotify:track:4UBVhw7F2XdieAtMntW4MU,Enough Said
spotify:track:4gkl7QbQvBd3TM9PhlWFkI,Love Yourz
spotify:track:2d7LPtieXdIYzf7yHPooWd,Chasing Cars
spotify:track:2kfGoV9a5dbSKCNmUWH2ZF,Turning Page
spotify:track:3tJjZMHLqhD8DaGgdBICnc,Saturn
spotify:track:2XiqsYPmKLqjOigE3HmfXb,I'll Keep You Safe
spotify:track:5uq3x8Pg8HAj8qNwPFOzfl,Light
spotify:track:6euUjTQwdyS7Kkj6QoFKRt,West
spotify:track:4zzzZ1UNfr75ASG1lUE9L1,Stay - Album Version (Edited)
spotify:track:5l6hpyTGBK0LAAxgPnqTQL,Look After You
spotify:track:5VGlqQANWDKJFl0MBG3sg2,Use Somebody
spotify:track:2okZkUkFedYbURyDTKwqxQ,Please Be Naked
spotify:track:0JimWTePXDrOnAhEcA1OR5,Hometown Glory [Single Version]
spotify:track:4qzoHxgp42ylb18ga1SWTL,Parachutes
spotify:track:7D0RhFcb3CrfPuTJ0obrod,Sparks
spotify:track:1rkbMXhEjIytsUGbhoR5pn,Life In Technicolor
spotify:track:1lxzBK93CioCcSndzuTGyn,Us Against the World
spotify:track:6f49kbOuQSOsStBpyGvQfA,A Head Full Of Dreams
spotify:track:3RiPr603aXAoi4GHyXx0uy,Hymn For The Weekend
spotify:track:1O8d2pWtBclzuY3FctBPVa,Closer
spotify:track:2d5vz9uU5Jan1rX8mkxw2w,Manhattan
spotify:track:0bTlXQJzw4ddaLQPJ4rGS2,Revelry
spotify:track:0eQjA54TJkwTHDJKG8OkRg,Be Somebody
spotify:track:1IhnbJZ7FywEL7YCyLKDgv,Cold Desert
spotify:track:40e9kU9Wd4vbedqSA7Io4n,Notion
spotify:track:0Xy9xPPs2zRRFqljGqKXel,Pyro
spotify:track:1lu411ckjAVeJLtnBEkyoi,The Face
spotify:track:4cQIbDqCZrHknxlDUjRHZ0,Supersoaker
spotify:track:2nO1DYEg1X5GHi8SSuNJQj,Wait for Me
spotify:track:0Z9TbLIhMAXa8BSOiY6um6,Poison & Wine
spotify:track:7LwGBxB0h0CVmkOZxYKn0g,In My Veins - Feat. Erin Mccarley
spotify:track:49hMxOJUlQTA5UBRon6Wn8,Open Your Eyes
spotify:track:4I2XOM7Tk15h9jS4B1r6i2,Your Side Now
spotify:track:7kUtY64RoqA80oq8GBGdfq,Everywhere I Go
spotify:track:5ZpJwc7AxqOePIqSJKfUIP,Always
spotify:track:1TVs3Ch93qTLiI7O8OxfZd,Save the World
spotify:track:2T4rXDppGlcy2lLuF4IyHq,Angel
spotify:track:3c6afiysmB7OnxQzzSqRfD,So Into You
spotify:track:1Jm1I3APcmVz3MqPr5vfTx,Into You [Main Mix feat. Tamia]
spotify:track:1s65tIJf4fFsbuGxI7RA7F,Billboard (If I'm Honest)
spotify:track:1EV0GEC5OywYfCxKP46Hgu,Let's Be Birds
spotify:track:5CYRfPViGWqsLoypm1bX4u,LA Confidential
spotify:track:746TaqAEjpt4vpJbnSBbpY,Tragedy
spotify:track:5JvTl9PGOapS3D7BIGjlSk,Angel
spotify:track:7rSFIblcpjE7b0GA8Ezqda,Control
spotify:track:6bs9zxCTiAzYXsE7dEBrF5,Try Me
spotify:track:2Ltt67COLCFOrAAzMeirQ0,Dedicated (feat. Future & Sonyae)
spotify:track:62UQgDAEzQuKDwa0Lf8wt8,Bumper Cars
spotify:track:5b1otqIrmeK7icVBfJTGdm,Dragons Beware
spotify:track:0C3NEzyeYHvbt6OIjFAIzT,Come Home
spotify:track:2QpFbRlnBo2TRhy5FyldSD,Notepad
spotify:track:3ZHfX6kbiY7JVsB63lLOLu,The Only Exception
spotify:track:3qEg6xYffvuvwpq4U6FRrK,Lost In The Moment
spotify:track:5JDcQAztvZTIkrWoZihgvC,A Drop In The Ocean
spotify:track:1wMALZpuqAy7amQsFBWQ8m,All I Ask
spotify:track:3Vk1QRqmEhDNsyOpgUXM4m,Say My Name
spotify:track:2VQc9orzwE6a5qFfy54P6e,Blessings
spotify:track:2zpjUY0aFcX35h90albLPB,Imma Be Cool (feat. Asher Roth)
spotify:track:5HcPG9C4qjkqz0bEKr2gPI,4AM
spotify:track:5BvSj9CWEgLHcvNC7D51un,Hello World
spotify:track:4wM4c5ly3GR4YYgWSePlSG,Back To Sleep REMIX
spotify:track:7m3IIP2HPEjmtvzREOJILz,Long Way Home
spotify:track:0UnhE0UhBTBwtnzEXzP0it,Write On Me
spotify:track:1Wqo4QwnPr3O1M5PMDFtAw,Basic Beach
spotify:track:0nnxf8p851ZR49KFnGWVsB,Say Hey (I Love You)
spotify:track:3mIf8Zk2cy7ITwvvNkC0l2,Been You
spotify:track:7isWH8NT7djPZw5HWlbiun,We Are
spotify:track:57MOpbjOIoWMZnstWOtfm6,Don't Stop
spotify:track:0fIOacVe000P5pNhaKQlQw,Love Me Like You
spotify:track:6ZcCLhMqQEZEzsDhhS767O,FDT - Pt. 2
spotify:track:6GSMozgAebBmuM2hCV15H3,Ashin’ Kusher
spotify:track:5T6B8Xe5xWbcytXUzEZXGK,For My Team (feat. Monty)
spotify:track:7dZAPeA3Of5j5Vaef0DQ6M,Make Her Say
spotify:track:2DHWM8Bm4zuzuH7UOXscJw,LIFTED
spotify:track:1bVMoL5LftoB7PRfS75WnB,Crazy
spotify:track:62USdz1oopSXKoywcq2Q7D,Hold (feat. Jessica Jarrell)
spotify:track:2Vo3sVSCltAaYU1u0f9ASz,Chill Bill REMIX
spotify:track:5HzbxweVAtisCrpoOF11qt,Millionaire - Alan Walker Remix
spotify:track:67wABU4SjBlnDHB0KiU3HL,Flaws
spotify:track:3gbBpTdY8lnQwqxNCcf795,Pompeii
spotify:track:7xHWNBFm6ObGEQPaUxHuKO,The Greatest
spotify:track:5Lf9rCqReE9Ri4tZvLRLuy,Happily
spotify:track:2Jfsw01CDT5XetSFROs9v5,Something Great
spotify:track:7MbII8jWqFiTFYU3MPYEfW,Rock Me
spotify:track:6HvGBgyevPFMrU3KPSHeRV,She's Not Afraid
spotify:track:4bqIFmnVAsndYWuXxAwQet,Act My Age
spotify:track:5AezhHjX3R1bmxcAEgrFpS,End of the Day
spotify:track:7rdP71W8x4UbJ0KAKBACbo,Never Enough
spotify:track:4hJfmMjy3wFIOknfYwhouY,Wolves
spotify:track:76EkWHTJhklKBNBSeHW0Qw,Embrace The Martian
spotify:track:4Tjh34RS4ACZ6f6srlDBg8,Fire Squad
spotify:track:1C2S1qMi03uMI7KBUsw60I,Damn Good Time
spotify:track:0vg5tFOn9OjtkbZ0fIj6QA,Go Tell 'Em
spotify:track:1oc4kHthIpfa2jQnIL33GE,Let's Hurt Tonight
spotify:track:3YPlsrk0Voe8AOa1jyN891,Ain't My Fault - R3hab Remix
spotify:track:0lKTwaoezVFOd1MC6MqViz,Chariot
spotify:track:2bN0VoXCagktb6yAi9942I,Best I Ever Had
